Продукт,Вес (г),Белки,Жиры,Углеводы,Калории,Категория
мука гречневая,100.0,13.60,1.20,73.70,367.00,мука
мука кукурузная,100.0,7.20,1.50,70.20,330.00
мука пшеничная 1-го сорта,100.0,10.60,1.30,67.60,331.00
мука пшеничная 2-го сорта,100.0,11.70,1.80,63.70,324.00
мука пшеничная высшего сорта,100.0,10.30,1.10,68.90,334.00
мука пшеничная обойная,100.0,11.50,2.20,56.80,298.00
мука ржаная обдирная,100.0,8.90,1.70,60.20,298.00
мука ржаная обойная,100.0,10.70,1.90,56.80,293.00
мука рисовая (диетическая),100.0,7.40,0.60,82.00,371.00
отруби пшеничные,100.0,15.10,3.80,23.50,191.00
булочки диетические с лецитином,100.0,16.20,14.80,28.20,313.00
лаваш,100.0,9.10,1.10,56.00,277.00
фокачча,100.0,5.80,18.90,38.60,352.00
хлеб белково-отрубевой,100.0,23.50,3.40,11.30,216.00
хлеб белый с кунжутом,100.0,10.00,11.80,58.50,386.00
хлеб белый хрустящий,100.0,10.00,7.60,62.10,369.00
хлеб бородинский,100.0,6.80,1.30,40.70,207.00
хлеб докторский,100.0,8.20,2.60,46.60,247.00
хлеб здоровье,100.0,7.90,1.80,37.90,203.00
хлеб зерновой,100.0,8.60,1.40,43.90,228.00
хлеб пониженной калорийности,100.0,7.90,1.80,37.90,203.00
хлеб пшеничный из муки высшего сорта,100.0,7.60,0.80,48.60,238.00
хлеб пшеничный подовый,100.0,8.30,1.30,48.10,227.00
хлеб пшеничный формовой,100.0,8.10,1.20,46.60,220.00
хлеб ржаной бездрожжевой,100.0,6.10,1.10,50.00,139.80
хлеб ржаной московский,100.0,7.00,1.30,37.20,195.00
хлеб ржаной подовый,100.0,6.10,1.20,40.90,206.00
хлеб ржаной формовой,100.0,6.60,1.20,34.20,181.00
хлеб ржаной хрустящий,100.0,10.40,2.30,55.80,291.00
хлеб украинский подовый,100.0,6.70,1.20,41.90,212.00
хлеб украинский формовой,100.0,6.90,1.30,38.60,200.00
хлеб чёрный с луком и тимьяном,100.0,8.60,8.80,54.30,336.00
баранки сдобные,100.0,8.30,8.00,59.70,349.00
батон нарезной,100.0,7.70,3.00,49.80,262.00
бублики,100.0,9.00,1.10,58.00,284.00
булка городская,100.0,7.80,2.50,50.50,261.00
плюшка московская,100.0,7.60,8.90,55.90,336.00
сайка простая,100.0,7.80,2.40,50.30,259.00
сдоба выборгская с повидлом,100.0,6.50,4.20,57.10,293.00
соломка сладкая,100.0,9.70,6.00,69.20,373.00
сухари сдобные,100.0,16.00,1.00,70.00,335.50
сушки простые,100.0,10.90,1.30,68.00,335.00
блинчики с куриным филе,100,11.5,5.9,15.00,158.7
блинчики с морепродуктами,100,8.20,16.00,5.40,205.00
блинчики с творогом и сметаной,100,25.80,33.10,55.20,640.00
блины,100,5.10,3.10,34.30,186.00
ватрушка с творогом,100,10.60,12.30,40.10,318.00
оладьи,100,0.70,6.60,40.00,225.00
пирог с мясом,100,13.20,7.50,41.20,284.00
пирог с повидлом,100,5.30,2.10,61.00,284.00
пирог с сыром рикотта,100,8.80,13.90,21.90,267.00
пицца вегетарианская,100,6.10,9.80,15.60,182.70
пицца с королевскими креветками,100,9.50,9.70,17.70,209.50
пицца «четыре сыра»,100,9.60,10.50,18.40,218.20
пицца маргарита,100,8.50,9.20,20.80,215.70
пицца куриная,100,10.00,6.50,14.00,165.40
пицца с ветчиной и грибами,100,9.50,8.60,15.30,182.20
пицца с салями,100,7.20,8.20,16.70,182.70
пицца с лососем,100,11.00,9.30,14.70,196.60
пончики,100,5.60,13.00,38.80,296.00
сырники (1 шт.-35г),100,13.20,13.00,18.20,245.00
сырный торт,100,5.00,29.10,24.70,380.00
чебуреки,100,8.90,13.50,26.20,264.00
шарлотка яблочная,100,3.70,5.60,17.40,135.00
вареники с картошкой,100,5.90,14.10,28.60,269.00
вафли с фруктовыми начинками,100,3.20,2.80,80.10,350.00
галеты,100,9.20,10.20,68.40,415.00
крекеры,100,9.20,14.10,66.10,439.00
печенье затяжное,100,8.30,8.80,75.60,418.00
печенье сахарное,100,7.50,11.80,74.40,436.00
печенье сдобное,100,10.40,5.20,76.80,458.00
пирожное бисквитное с фруктовой начинкой,100,4.70,9.30,64.20,351.00
пирожное заварное,100,5.90,10.20,55.20,329.00
пирожное песочное с фруктовой начинкой,100,5.10,18.50,62.60,435.00
пирожное слоеное с кремом,100,5.40,38.60,46.40,555.00
пирожное слоеное с фруктовой начинкой,100,5.70,25.60,52.70,466.00
пряники,100,4.80,2.80,77.70,350.00
торт бисквитный с орехово-сливочным кремом,100,5.60,20.00,58.80,391.00
торт бисквитный с фруктовой начинкой,100,4.70,11.80,49.80,356.00
торт бисквитный с шоколадным кремом,100,4.40,12.40,53.60,335.00
торт слоеный с кремом,100,5.00,37.40,44.00,533.00
вермишель отварная с маслом,100,4.50,8.70,29.50,206.00
лазанья с овощами,100,11.60,11.50,13.50,212.00
макароны 1-го сорта(сухие),100,10.70,1.30,68.40,335.00
макароны высшего сорта (сухие),100,10.40,1.10,69.70,337.00
макароны жареные,100,4.20,6.40,25.00,176.00
макароны отварные,100,4.10,0.40,19.00,98.00
макароны яичные,100,11.30,2.10,68.00,345.00
мивина - вермишель с различными вкусами (сухая),100,7.70,18.90,50.00,393.00
орекьетти с ягнёнком,100,10.80,16.30,18.70,267.00
папарделли с белыми грибами,100,5.10,20.60,14.90,306.00
папарделли с соусом песто и рикоттой,100,7.60,19.50,13.90,281.00
пенне алл арабиата,100,4.60,3.90,26.70,160.00
равиоли мясные,100,12.00,20.90,14.50,291.00
ризотто маре (с морепродуктами),100,5.10,3.80,12.10,104.00
ричиоли с рикоттой,100,6.70,14.80,7.80,209.00
спагетти барилла италия (сухие),100,12.00,1.50,72.20,350.00
спагетти болоньезе,100,7.30,7.00,21.30,175.00
спагетти карбонара,100,11.60,20.00,22.00,311.00
строзапретти с креветками,100,7.10,8.70,15.00,169.00
тальятелле кватро формаджи («четыре сыра»),100,11.90,18.60,24.80,312.00
тальятелле сальмоне (с лососем),100,9.00,14.70,9.80,221.00
тортелли с мраморной говядиной,100,8.90,16.60,15.90,252.00
тортеллини с сыром барилла италия (сухие),100,15.00,13.00,54.60,395.00
феттучине по-сицилийски,100,7.70,1.00,16.80,112.00
воздушная кукуруза,100,13.00,4.00,72.00,382.00
горох сушеный,100,20.50,2.00,48.60,298.00
гречневая продел,100,9.50,2.30,65.90,329.00
гречневая ядрица,100,12.60,3.30,62.10,335.00
каша геркулесовая молочная,100,3.20,4.30,14.20,105.00
каша геркулесовая на воде,100,2.90,1.40,14.80,84.00
каша гречневая вязкая на воде,100,3.20,0.80,17.10,90.00
каша гречневая рассыпчатая,100,5.90,1.60,30.60,163.00
каша гречневая с грибами,100,4.30,5.60,13.70,123.90
каша манная молочная,100,3.00,3.20,15.30,98.00
каша манная на воде,100,2.50,0.20,16.80,80.00
каша овсяная молочная,100,3.20,4.10,14.20,102.00
каша овсяная на воде,100,3.00,1.70,15.00,88.00
каша перловая рассыпчатая,100,3.10,0.40,23.00,106.00
каша пшеничная вязкая на воде,100,3.20,0.30,18.70,92.00
каша пшеничная рассыпчатая,100,5.00,0.40,27.70,137.00
каша пшенная вязкая на воде,100,3.00,0.70,17.00,90.00
каша пшенная рассыпчатая,100,4.70,1.10,26.10,135.00
каша рисовая молочная,100,2.50,3.10,16.00,97.00
каша рисовая на воде,100,1.50,0.10,17.40,78.00
каша ячневая вязкая на воде,100,2.30,0.30,15.70,76.00
каша ячневая рассыпчатая,100,3.40,0.40,22.10,108.00
коричневый рис,100,6.30,4.40,65.10,331.00
крупа кукурузная,100,8.30,1.20,71.60,337.00
крупа манная,100,10.30,1.00,67.70,328.00
крупа перловая,100,9.30,1.10,66.50,320.00
нут сушеный,100,20.10,4.30,46.40,309.00
овсяная крупа,100,11.00,6.10,49.70,303.00
овсяные хлопья геркулес,100,11.00,6.20,50.10,305.00
плов говяжий,100,5.95,2.10,64.70,332.10
пшено,100,11.50,3.30,66.50,348.00
ризотто с грибами,100,2.80,11.90,12.50,192.00
ризотто с морепродуктами,100,5.10,3.80,12.00,103.80
рис арборио,100,6.61,0.58,79.34,360.00
рис дикий,100,14.73,1.08,74.90,357.00
рис дикий отварной,100,3.99,0.94,21.34,101.00
рис полированный,100,7.00,1.00,71.40,330.00
рис рассыпчатый,100,2.40,0.20,24.90,113.00
рис с яблоками,100,1.00,0.30,14.90,68.00
соя сушеная,100,34.90,17.30,9.20,332.00
толокно,100,11.50,6.00,50.20,306.00
фасоль вареная,100,7.80,0.50,21.50,123.00
фасоль сушеная,100,21.00,2.00,46.60,292.00
хрустящий рис,100,5.90,2.00,78.40,362.00
чечевица вареная,100,7.80,0.00,20.10,110.00
чечевица зеленая или коричневая,100,28.06,0.96,57.09,338.00
чечевица сушеная,100,24.00,1.50,42.70,284.00
ячневая крупа,100,10.00,1.30,66.30,324.00
базилик,100.0,2.54,0.61,4.34,27.00
баклажаны,100.0,1.20,0.10,5.10,24.00
бобы,100.0,6.00,0.10,8.50,60.00
брюква,100.0,1.20,0.10,7.40,34.00
горошек зеленый,100.0,5.00,0.20,12.80,73.00
кабачки,100.0,0.60,0.30,4.90,23.00
капуста белокочанная,100.0,1.80,0.10,4.70,27.00
капуста брокколи,100.0,3.10,0.80,1.10,24.00
капуста брюссельская,100.0,4.80,0.00,5.90,43.00
капуста кольраби,100.0,2.80,0.00,7.90,42.00
капуста краснокочанная,100.0,0.80,0.00,5.20,24.00
капуста пекинская,100.0,1.20,0.20,2.20,16.00
капуста цветная,100.0,2.50,0.30,4.50,30.00
картофель,100.0,2.00,0.40,16.30,80.00
кунжут,100.0,19.39,48.70,12.20,561.70
лук зеленый (перо),100.0,1.30,0.00,3.50,19.00
лук порей,100.0,2.00,0.00,6.50,33.00
лук репчатый,100.0,1.40,0.00,9.10,41.00
морковь желтая,100.0,1.30,0.10,6.20,50.00
морковь красная,100.0,1.30,0.10,7.20,34.00
мята перечная свежая,100.0,3.75,0.94,14.89,70.00
огурцы грунтовые,100.0,0.80,0.10,2.60,14.00
огурцы парниковые,100.0,0.70,0.10,1.90,11.00
орегано,100.0,1.50,0.00,5.00,24.80
патиссоны,100.0,0.60,0.10,4.10,19.00
перец белый душистый,100.0,6.09,8.69,72.12,262.64
перец зеленый сладкий,100.0,1.30,0.00,5.30,26.00
перец красный сладкий,100.0,1.30,0.00,5.30,27.00
петрушка (зелень),100.0,3.70,0.40,8.00,49.00
петрушка (корень),100.0,1.50,0.60,10.50,53.00
ревень,100.0,0.70,0.10,2.50,16.00
редис,100.0,1.20,0.10,3.80,21.00
редька,100.0,1.90,0.20,6.50,35.00
репа,100.0,1.50,0.00,5.30,27.00
розмарин,100.0,3.31,5.86,20.70,131.00
розмарин свежий,100.0,3.31,5.86,20.70,131.00
салат,100.0,1.50,0.20,2.30,17.00
салат кочанный,100.0,1.40,0.20,0.80,11.00
свекла,100.0,1.50,0.10,9.10,42.00
сельдерей (зелень),100.0,0.75,0.14,3.65,16.00
сельдерей (корень),100.0,1.30,0.30,6.10,32.00
сельдерей свежий стебли,100.0,0.75,0.14,3.65,16.00
сладкий картофель,100.0,2.00,0.00,13.30,61.00
спаржа,100.0,1.90,0.10,3.20,21.00
тимьян сушеный измельченный,100.0,9.11,7.43,63.94,276.18
томаты,100.0,1.10,0.20,3.80,23.00
тыква,100,1.00,0.10,4.20,25.00
укроп,100.0,2.50,0.50,4.10,31.00
фасоль (стручок),100.0,3.00,0.30,3.00,31.00
фасоль белая,100.0,23.36,0.85,60.27,333.00
фенхель,100.0,1.24,0.20,7.29,31.00
хрен,100.0,2.50,0.40,7.60,44.00
цуккини,100.0,1.50,0.20,3.00,16.00
черемша,100.0,2.40,0.10,6.10,34.00
чеснок,100.0,6.50,0.00,5.20,46.00
шпинат,100.0,2.90,0.30,2.00,22.00
щавель,100.0,1.50,0.00,3.00,19.00
горошек зеленый консервированный,100.0,3.10,0.20,6.50,40.00
имбирь маринованный,100.0,1.00,0.00,4.10,35.00
каперсы в соли,100.0,2.36,0.86,4.88,23.00
капуста квашеная,100.0,1.80,0.00,2.20,19.00
корнишоны консервированные,100.0,0.83,0.15,6.02,27.13
кукуруза дробленая,100.0,2.40,0.50,14.60,72.00
кукуруза целыми зернами,100.0,2.20,0.40,11.20,58.00
кукурузные зерна,100.0,3.00,0.80,0.00,103.00
морковь натуральная,100.0,1.00,0.10,6.20,29.00
огурцы соленые,100.0,0.80,0.10,1.60,13.00
оливки зеленые маринованные,100.0,1.40,12.70,1.30,123.00
оливки черные консервированные,100.0,2.20,36.00,8.70,361.00
свекла натуральная,100.0,1.20,0.00,6.90,31.00
томаты без кожицы,100.0,0.50,0.00,2.30,11.00
томаты с кожицей,100.0,1.10,0.00,3.80,20.00
томаты соленые,100.0,1.10,0.10,1.60,16.00
хрен консервированный,100.0,2.50,5.00,5.00,56.00
артишоки консервированные в масле,100,2.20,28.30,10.00,268.00
борщ из квашеной капусты,100,2.50,5.30,8.80,93.00
борщ из свежей капусты с томатами,100,2.60,5.20,9.80,97.00
горчица торчин мицна,100,8.80,10.00,12.00,154.00
икра из баклажанов,100,1.70,13.30,5.09,148.00
икра из кабачков,100,2.00,9.00,8.54,122.00
кетчуп,100,2.10,0.00,14.90,90.00
свекольник,100,2.90,5.20,9.80,98.00
сок морковный,100,1.10,0.10,5.80,28.00
сок свекольный,100,1.00,0.00,9.90,42.00
сок томатный,100,1.00,0.00,3.50,19.00
солянка овоще-грибная из свежей капусты,100,3.60,7.00,7.10,106.00
солянка овощная из квашеной капусты,100,3.30,10.50,6.60,134.00
"соус ""песто"" из базилика,100,5.00,56.00,3.00,536.00",,,,,
соус кубанский,100,2.60,0.00,22.20,99.00
соус соевый (восстановленный из сухого),100,2.00,0.00,1.00,12.00
соус соевый натурально сваренный,100,8.80,0.00,6.90,63.00
соус томатный острый,100,2.50,0.00,21.80,98.00
соус яблочный,100,0.40,0.00,19.40,77.00
томат-паста,100,4.80,0.00,19.00,99.00
томат-пюре,100,3.60,0.00,11.80,65.00
уксус бальзамический,100,0.00,0.00,7.20,14.00
уксус виноградный,100,0.00,0.00,5.90,14.00
щи из свежей капусты,100,2.60,5.30,9.00,94.00
авокадо с креветками,100,7.30,7.30,3.80,141.00
баклажаны, тушёные с помидорами,100,2.10,17.70,5.70,189.30
баклажаны, фаршированные овощами,100,1.10,5.90,7.50,83.00
бланшированные овощи,100,2.40,11.00,4.00,128.00
винегрет,100,1.30,6.00,7.80,92.00
голубцы в томатно-сметанном соусе,100,5.30,3.30,7.30,80.00
голубцы с овощами,100,2.00,3.50,9.80,79.00
запеканка из цветной капусты с мясом,100,9.70,6.30,3.10,109.00
кабачки жареные,100,1.10,6.00,6.70,88.00
капуста белокочанная жареная,100,1.80,2.80,4.20,49.00
капуста белокочанная отварная,100,1.40,0.10,3.90,21.00
капуста белокочанная тушеная,100,2.00,3.30,9.60,75.00
капуста цветная в омлете,100,4.00,5.20,3.60,77.00
капуста цветная отварная,100,1.80,0.30,4.00,26.00
картофель жареный,100,2.80,9.50,23.40,192.00
картофель отварной,100,2.00,0.40,16.70,82.00
картофель печёный,100,3.20,5.00,11.50,107.00
картофель по-итальянски,100,1.70,3.90,12.70,95.00
картофельная запеканка с грибами.,100,3.20,5.00,11.50,107.00
картофельная запеканка с мясом и грибами.,100,6.60,4.60,9.20,107.00
картофельное пюре,100,2.20,0.80,14.30,74.00
картофельные чипсы,100,2.20,35.40,48.60,531.00
креветки с овощами, салат,100,6.00,2.20,4.00,63.00
морковь отварная,100,1.20,0.10,6.10,29.00
овощи бланшированные + ол. масло,100,1.00,4.50,4.40,61.00
овощи на гриле,100,2.00,2.70,3.70,47.00
овощное рагу,100,1.00,2.00,5.60,44.00
овощной салат с 1 ст.л. раст.масла,100,1.10,3.50,3.80,51.00
омлет белковый с овощами,100,5.80,4.70,2.80,78.00
перец, фаршированный овощами,100,1.00,5.00,8.00,80.00
рагу из тыквы с овощами,100,2.40,7.40,8.90,109.00
"рагу овощное в ""цептере"",100,1.30,2.40,4.90,45.00",,,,,
салат весенний (капуста, огурец, лук, зелень, раст. масло),100,1.40
салат винегрет,100,1.60,10.00,16.00,129.60
салат греческий,100,24.30,4.60,24.30,292.20
салат из свеклы и яблок.,100,0.87,2.60,16.80,87.40
салат с йогуртом и кукурузой,100,2.21,1.03,8.50,68.50
салат с хреном, морковью и яблоками,100,0.90,0.30,11.50,49.70
свекла отварная,100,1.80,0.00,10.80,49.00
тыква жареная,100,1.45,5.50,5.20,76.00
фасоль тушеная с говяжьим фаршем,100,6.70,3.00,6.10,76.00
шпинат жареный,100,2.30,11.30,2.40,118.00
абрикосы,100,0.90,0.10,9.00,41.00
авокадо,100,2.00,15.30,4.10,169.00
айва,100,0.60,0.50,7.90,40.00
алыча,100,0.20,0.00,6.40,27.00
ананас,100,0.40,0.20,11.50,49.00
апельсин,100,0.90,0.20,8.10,40.00
арбуз,100,0.70,0.20,8.80,38.00
бананы,100,1.50,0.10,21.00,89.00
брусника,100,0.70,0.50,8.00,43.00
виноград,100,0.60,0.20,15.00,65.00
вишня,100,0.80,0.50,10.30,52.00
голубика,100,1.00,0.00,7.00,35.00
гранат,100,0.90,0.00,11.20,52.00
грейпфрут,100,0.90,0.20,6.50,35.00
груша,100,0.40,0.30,9.50,42.00
гуава,100,0.80,0.60,0.00,57.00
дыня,100,0.60,0.00,9.10,38.00
ежевика,100,2.00,0.00,4.40,31.00
земляника садовая,100,0.80,0.40,6.30,34.00
инжир,100,0.70,0.20,11.20,49.00
киви,100,1.00,0.60,4.00,51.00
клюква,100,0.50,0.00,3.80,26.00
крыжовник,100,0.70,0.20,9.10,43.00
лимон,100,0.90,0.10,3.00,33.00
манго,100,0.50,0.27,11.50,67.00
малина,100,0.80,0.30,8.30,42.00
мандарин,100,0.80,0.30,8.10,40.00
морошка,100,0.80,0.00,6.00,28.00
облепиха,100,0.90,2.50,5.00,52.00
папайя,100,0.60,0.10,9.20,48.00
персики,100,0.90,0.10,9.50,43.00
рябина садовая,100,1.40,0.10,8.60,46.00
рябина черноплодная,100,1.50,0.10,10.90,52.00
слива садовая,100,0.80,0.00,9.60,43.00
смородина белая,100,0.30,0.00,8.00,38.00
смородина красная,100,0.60,0.20,7.30,39.00
смородина черная,100,1.00,0.20,7.30,38.00
терн,100,1.50,0.00,8.30,45.00
финики,100,2.50,0.00,68.50,271.00
хурма,100,0.50,0.00,13.20,53.00
черешня,100,1.10,0.40,10.60,50.00
черника,100,1.10,0.60,8.00,44.00
шелковица,100,0.70,0.00,12.00,50.00
шиповник свежий,100,1.60,0.00,10.00,51.00
яблоки,100,0.20,0.36,8.00,37.00
абрикосовый сок,100,0.50,0.00,13.70,56.00
айвовый сок,100,0.50,0.00,10.40,45.00
ананас консервированный,100,0.00,0.00,15.00,64.00
ананасовый сок,100,0.40,0.10,15.70,68.00
апельсиновый сок,100,0.70,0.00,12.80,54.00
виноградный сок,100,0.30,0.00,13.80,54.00
вишневый сок,100,0.70,0.00,10.20,47.00
гранатовый сок,100,0.30,0.00,14.50,64.00
грейпфрутовый сок,100,0.30,0.00,8.00,36.00
компот из абрикосов,100,0.50,0.00,21.00,85.00
компот из айвы,100,0.40,0.00,20.00,79.00
компот из винограда,100,0.50,0.00,19.70,77.00
компот из вишни,100,0.60,0.00,24.50,99.00
компот из груш,100,0.20,0.00,18.20,70.00
компот из мандаринов,100,0.10,0.00,18.10,69.00
компот из персиков,100,0.50,0.00,19.90,78.00
компот из слив,100,0.50,0.00,23.90,96.00
компот из черешни,100,0.50,0.00,19.90,78.00
компот из яблок,100,0.20,0.00,22.10,85.00
лимонный сок,100,0.60,0.00,2.50,26.00
мандариновый сок,100,0.80,0.00,9.00,43.00
персиковый сок,100,0.30,0.00,17.00,66.00
сливовый сок,100,0.30,0.00,16.10,66.00
сок алое,100,0.00,0.00,4.00,32.00
фреш яблочно-морковный,100,0.90,0.10,8.20,36.00
черноплодно-рябиновый сок,100,0.10,0.00,7.40,32.00
черносмородиновый сок,100,0.50,0.00,7.90,40.00
шиповниковый сок,100,0.10,0.00,17.60,70.00
яблочный сок,100,0.50,0.00,9.10,38.00
варенье из айвы,100,0.40,0.00,68.70,263.00
варенье из груш,100,0.40,0.00,70.90,271.00
варенье из клубники,100,0.30,0.00,70.90,271.00
варенье из малины,100,0.60,0.00,71.20,275.00
варенье из мандаринов,100,0.70,0.00,72.30,278.00
варенье из персиков,100,0.50,0.00,64.30,248.00
варенье из сливы,100,0.40,0.00,73.40,281.00
варенье из черноплодной рябины,100,0.40,0.00,63.80,246.00
варенье из яблок,100,0.40,0.00,66.20,254.00
джем из абрикосов,100,0.50,0.00,68.80,265.00
джем из мандаринов,100,0.30,0.00,67.80,259.00
джем из черной смородины,100,0.60,0.00,68.20,265.00
повидло яблочное,100,0.40,0.00,65.30,250.00
пюре яблочное,100,0.60,0.10,19.20,78.00
абрикосы сушеные без косточки (курага),100,5.20,0.00,55.00,234.00
абрикосы сушеные с косточкой (урюк),100,5.00,0.00,53.00,227.00
бананы сушеные,100,3.90,1.80,80.50,390.00
виноград сушеный (изюм),100,1.80,0.00,66.00,262.00
инжир сушеный,100,3.10,1.20,53.20,238.00
персики сушеные (курага),100,3.00,0.00,54.50,227.00
слива сушеная (чернослив),100,2.30,0.00,58.40,242.00
финики сушеные,100,2.00,0.50,72.30,306.00
шиповник сушеный,100,3.40,0.00,21.50,110.00
яблоки сушеные,100,2.28,0.00,60.83,259.00
белые грибы,100,3.70,1.70,1.10,23.00
белые грибы сушеные,100,20.10,4.80,7.60,152.00
вешенки,100,18.90,0.30,43.90,40.00
грибы порчини в масле,100,2.10,6.10,0.10,278.00
грибы порчини сухие,100,20.10,4.80,7.60,152.00
грузди,100,1.80,0.80,0.50,16.00
лисички,100,1.60,1.10,1.50,20.00
маслята,100,2.40,0.70,0.50,9.00
опята,100,2.20,1.20,0.50,17.00
подберезовики,100,2.30,0.90,1.40,23.00
подберезовики сушеные,100,23.50,9.20,14.30,231.00
подосиновики,100,3.30,0.50,1.20,22.00
подосиновики сушеные,100,35.40,5.40,12.90,239.00
рыжики,100,1.90,0.80,0.50,17.00
сморчки,100,2.90,0.40,0.20,16.00
сыроежки,100,1.70,0.70,1.50,15.00
трюфели консервированные,100,3.00,0.50,2.00,24.00
шампиньоны,100,4.30,1.00,0.10,27.00
шампиньоны маринованные,100,3.50,0.80,1.20,24.00
арахис,100,26.30,45.20,9.90,551.00
каштаны жареные,100,3.20,2.20,33.80,182.00
кешью,100,25.20,53.60,12.60,633.00
кокосовый орех,100,3.40,33.50,29.50,380.00
миндаль,100,18.60,57.70,20.50,649.00
орехи грецкие,100,15.60,62.00,18.30,700.00
орехи бразильские,100,14.00,66.00,12.00,656.00
орехи кедровые,100,11.57,60.98,19.30,629.00
паста фисташковая,100,58.80,26.00,11.70,680.00
семечки подсолнуха жареные,100,20.70,52.90,5.30,578.00
семечки подсолнуха сушеные,100,23.00,49.50,18.80,610.00
семечки тыквы жареные,100,29.00,46.70,13.10,596.00
семечки тыквы сушеные,100,24.50,46.00,17.80,580.00
фисташки,100,20.50,48.50,25.00,610.00
фундук,100,16.10,66.90,9.90,707.00
баранина отварная,100,22.00,17.20,0.00,243.00
бекон английский,100,8.66,57.40,0.09,556.00
бефстроганов,100,18.00,14.30,6.60,228.00
биточки паровые,100,14.00,11.60,8.20,194.00
бифштекс,100,28.80,11.00,0.00,214.00
говядина отварная,100,25.80,16.80,0.00,254.00
говядина сырая вырезка,100,20.20,2.80,0.00,106.00
говядина тушеная,100,14.30,5.30,3.30,117.00
говяжья мраморная вырезка,100,22.00,18.00,0.00,259.00
гуляш,100,12.30,12.20,3.90,175.00
жиго ягнёнка,100,9.30,15.50,2.00,220.00
каре ягнёнка,100,11.10,17.20,0.50,241.00
карпаччо из говядины,100,8.80,9.20,1.10,112.90
котлеты говяжьи,100,14.60,11.80,13.60,220.00
котлеты свиные,100,10.60,26.80,13.60,340.00
кролик жареный,100,25.00,14.80,0.00,233.00
кролик отварной,100,24.60,11.70,0.00,204.00
мозги говяжьи,100,11.70,8.60,0.00,124.00
мраморная телятина,100,22.00,18.00,0.00,259.00
мышечный желудок кур,100,21.00,6.40,0.60,130.00
мясо в горшочке,100,1.80,0.80,8.10,47.00
мясо поросят,100,20.60,3.00,0.00,109.00
пельмени отварные,100,10.00,14.00,14.50,224.00
печень говяжья,100,17.90,3.70,0.00,105.00
печень говяжья тушёная,100,6.20,7.70,6.80,121.00
печень кур,100,20.40,5.90,1.40,140.00
печень свиная,100,18.80,3.80,0.00,109.00
почки говяжьи,100,15.20,2.80,0.00,86.00
почки свиные,100,15.00,3.60,0.00,92.00
свинина жареная с луком,100,20.00,24.20,6.80,306.00
свинина отварная,100,22.60,31.60,0.00,375.00
свинина тушеная,100,9.80,20.30,3.20,235.00
свиные отбивные гриль,100,15.00,27.20,0.00,305.00
сердце говяжье,100,16.00,3.50,0.00,96.00
сердце кур,100,15.80,10.30,0.80,159.00
сердце свиное,100,16.20,4.00,0.00,101.00
студень из говяжьих ножек,100,6.00,4.00,0.00,60.00
тартар из говядины,100,10.40,8.40,0.80,120.70
телятина (щёчки),100,20.40,0.90,0.00,89.00
телятина вырезка,100,19.70,2.00,0.00,97.00
телятина отварная,100,30.70,0.90,0.00,131.00
телятина с тушёным цикорием,100,7.80,8.60,1.60,113.00
телятина, тушёная в пиве,100,5.20,7.60,6.50,133.00
телячьи щёчки с овощами,100,8.60,5.30,6.40,112.00
тендерлоин со спаржей,100,10.00,15.70,1.90,192.00
торт печеночный,100,21.00,6.90,6.00,170.00
филе кролика с карт.пюре,100,8.60,17.70,4.30,210.00
филе ягнёнка с овощами,100,7.10,8.90,7.70,139.00
шашлык из свинины,100,26.50,23.10,0.00,324.00
шницель,100,17.60,25.10,10.20,338.00
шницель свиной,100,18.80,32.10,9.80,404.00
эскалоп,100,18.00,32.60,0.00,366.00
колбаса диетическая,100,12.10,13.50,0.00,170.00
колбаса для завтрака,100,13.00,13.90,2.50,187.00
колбаса докторская,100,12.80,22.20,1.50,257.00
колбаса любительская вареная,100,12.20,28.00,0.00,301.00
колбаса молочная,100,11.70,22.80,0.00,252.00
колбаса московская вареная,100,11.50,21.80,2.00,250.00
колбаса отдельная,100,11.00,21.00,1.80,240.00
колбаса прима,100,13.00,19.40,0.00,227.00
колбаса русская,100,11.80,28.90,0.00,302.00
колбаса свиная вареная,100,10.20,25.10,1.90,274.00
колбаса степная,100,11.10,20.10,2.90,237.00
колбаса столичная вареная,100,15.10,28.70,0.00,319.00
колбаса столовая,100,11.10,20.20,1.90,234.00
колбаса чайная,100,11.70,18.40,1.90,216.00
колбаса южная,100,12.40,17.30,2.50,215.00
мясной хлеб ветчинный,100,12.90,21.80,2.00,256.00
мясной хлеб говяжий,100,10.50,23.50,1.80,261.00
мясной хлеб отдельный,100,12.00,21.00,2.30,246.00
мясной хлеб чайный,100,10.30,20.70,2.80,239.00
сардельки говяжьи,100,11.40,18.20,1.50,215.00
сардельки свиные,100,10.10,31.60,1.90,332.00
сосиски говяжьи,100,10.40,20.10,0.80,226.00
сосиски любительские,100,9.00,29.50,0.70,304.00
сосиски молочные,100,11.00,23.90,1.60,266.00
сосиски особые,100,11.80,24.70,0.00,270.00
сосиски русские,100,11.30,22.00,0.00,243.00
ветчина варено-копчёная,100,22.60,20.90,0.00,280.00
колбаса армавирская,100,15.20,40.20,0.00,423.00
колбаса закусочная,100,15.00,33.00,2.30,366.00
колбаса краковская,100,16.20,44.60,0.00,466.00
колбаса кубанская,100,9.50,45.60,0.00,448.00
колбаса любительская полукопченая,100,17.30,39.00,0.00,420.00
колбаса минская,100,17.40,23.00,2.70,287.00
колбаса московская полукопченая,100,19.10,36.60,0.00,406.00
колбаса одесская,100,14.80,38.10,0.00,402.00
колбаса полтавская,100,16.40,39.00,0.00,417.00
колбаса таллиннская,100,17.10,33.80,0.00,373.00
колбаса украинская,100,16.50,34.40,0.00,376.00
охотничьи колбаски,100,25.70,40.00,0.00,463.00
ветчина в форме,100,22.60,20.90,0.00,279.00
говядина брезаола,100,35.00,4.00,0.00,200.00
грудинка сырокопченая,100,8.90,63.30,0.00,605.00
колбаса зернистая,100,9.90,63.20,0.00,608.00
колбаса любительская копченая,100,20.90,47.80,0.00,514.00
колбаса майкопская,100,23.60,41.40,0.00,467.00
колбаса московская копченая,100,24.80,41.50,0.00,473.00
колбаса салями,100,19.30,45.00,1.90,485.00
колбаса свиная копченая,100,13.00,57.30,0.00,568.00
колбаса сервелат,100,24.00,40.50,0.00,461.00
колбаса советская,100,23.00,47.00,0.00,515.00
колбаса столичная копченая,100,24.00,43.40,0.00,487.00
корейка сырокопченая,100,10.50,47.40,0.00,469.00
окорок тамбовский,100,14.30,25.60,0.00,288.00
панчетта (свиная грудинка),100,10.00,52.70,0.00,514.00
прошутто ( итальянская ветчина),100,10.00,45.00,0.00,412.00
ветчина любительская,100,14.90,13.70,0.00,183.00
ветчина особая,100,17.60,6.20,0.00,126.00
говядина тушеная консервированная,100,16.80,17.00,0.00,220.00
гуляш говяжий,100,17.10,12.00,4.00,192.00
гуляш свиной,100,15.00,22.80,4.00,281.00
завтрак туриста (говядина),100,20.50,10.40,0.00,176.00
завтрак туриста (свинина),100,16.90,15.40,0.00,206.00
мясо в белом соусе,100,18.00,12.80,3.80,202.00
паштет печеночный,100,11.60,28.90,2.50,317.00
свинина жирная,100,8.00,61.30,0.00,584.00
свинина тушеная консервированная,100,14.90,32.20,0.00,349.00
грудка утиная,100,13.50,28.60,0.00,308.00
гусь запечёный с яблоками,100,29.30,20.40,6.20,325.60
индейка,100,19.50,22.00,0.00,276.00
индейка жареная,100,26.20,13.50,0.00,226.00
индейка отварная,100,25.30,10.40,0.00,195.00
куриная грудка,100,21.62,8.30,0.00,168.00
куриная грудка отбивная,100,30.00,7.80,0.00,197.00
куриное филе,100,27.29,6.71,0.00,177.00
куриные котлеты,100,18.00,8.00,15.20,206.00
курица жареная,100,26.30,11.00,0.00,204.00
курица отварная,100,25.20,7.40,0.00,170.00
куры потрошенные 1 кат.,100,18.20,18.40,0.70,241.00
ножка франц. утки запечёная,100,10.10,14.60,6.20,194.00
окорочка жареные,100,29.40,8.60,0.00,195.00
утка жареная,100,22.60,19.50,0.00,266.00
утка отварная,100,19.70,18.80,0.00,248.00
фуа-гра гусиная,100,11.40,43.84,4.67,462.00
фуа-гра утиная,100,13.50,28.60,2.00,308.00
цыплята отварные,100,24.60,5.00,0.00,143.00
цыплята табака,100,25.00,21.00,0.20,271.00
"шашлык куриный с соусом типа ""французский"",100,15.90,16.80,1.10,219.00",,,,,
меланж,100,12.70,11.50,0.70,157.00
омлет,100,9.60,15.40,1.90,184.00
омлет с колбасой, сыром и зеленью,100,9.30,10.60,2.40,143.00
сухой белок,100,82.40,1.80,7.20,375.00
сухой желток,100,51.10,52.20,4.70,613.00
яичница с кабачками, помидорами,сельдереем и сыром,100,5.20,5.00,3.00
яичница-глазунья,100,12.90,20.90,0.90,243.00
яичный белок,100,10.52,0.00,1.03,50.00
яичный желток,100,16.76,30.87,1.78,358.00
яичный порошок,100,46.00,37.30,4.50,542.00
яйца куриные вареные вкрутую,100,12.90,11.60,0.80,160.00
яйца куриные вареные всмятку,100,12.80,11.60,0.80,159.00
яйца куриные сырые,100,12.70,11.50,0.70,157.00
яйца перепелиные,100,11.90,13.10,0.60,168.00
анчоусы,100,20.00,3.00,0.00,115.00
горбуша,100,22.90,7.80,0.00,168.00
дорада,100,19.80,1.20,0.00,90.00
дорадо в морской соли,100,18.20,1.40,0.60,89.00
дорадо на гриле,100,18.30,1.20,0.60,87.00
зубатка,100,15.50,5.80,0.00,114.00
кальмар,100,18.00,4.20,0.00,110.00
камбала,100,18.30,3.30,0.00,103.00
карась,100,20.70,2.10,0.00,102.00
карп,100,19.40,5.30,0.00,125.00
краб,100,16.00,3.60,0.00,96.00
крабовые палочки,100,17.50,2.00,0.00,88.00
креветка,100,18.90,2.20,0.00,95.00
креветки гамбас на гриле,100,13.00,3.40,1.70,96.00
креветки тигровые,100,24.00,2.00,0.00,114.00
криль,100,20.60,1.70,0.00,98.00
лангусты,100,17.00,2.00,0.00,90.00
лещ,100,20.90,4.70,0.00,126.00
лобстеры (омары),100,19.00,1.00,0.00,85.00
лосось,100,23.00,12.00,0.00,207.00
лосось запеченый,100,21.00,4.40,0.00,123.50
макрель,100,22.80,3.60,0.00,124.00
мидии,100,9.10,1.50,0.00,50.00
минтай,100,17.60,1.00,0.00,79.00
морская капуста,100,0.90,0.20,0.00,5.00
морская капуста сушёная,100,12.00,0.50,70.00,350.00
морские гребешки,100,19.00,0.90,3.00,92.00
морской язык,100,17.10,1.90,0.00,85.50
налим,100,21.40,0.70,0.00,92.00
норвежский лосось,100,15.60,9.60,1.80,160.00
окунь морской,100,19.90,3.60,0.00,112.00
омары,100,19.00,1.00,0.00,85.00
осьминоги (мясо туловища),100,17.50,2.00,0.00,88.00
палтус,100,14.00,17.80,0.00,216.00
паста океан,100,13.60,4.20,0.00,92.00
путассу,100,17.90,1.00,0.00,81.00
салака,100,22.00,7.20,0.00,153.00
сардина,100,20.10,10.80,0.00,178.00
сёмга свежая,100,21.62,5.93,0.00,146.00
сибас,100,16.50,1.50,0.60,82.00
сибас в морской соли,100,15.20,1.70,1.20,81.00
сибасс на гриле,100,15.30,1.40,1.20,79.00
скумбрия,100,19.60,14.70,0.00,211.00
сом,100,18.40,13.60,0.00,196.00
ставрида,100,20.60,5.60,0.00,133.00
судак,100,21.30,1.30,0.00,97.00
треска,100,17.80,0.70,0.00,78.00
тунец,100,22.50,0.70,0.00,96.00
угорь,100,14.50,30.50,0.00,332.50
устрицы,100,12.00,3.00,0.00,110.00
форель в морской соли,100,19.00,6.30,0.60,112.00
форель морская,100,19.94,3.45,0.00,148.00
форель на гриле,100,19.20,6.10,0.60,111.00
форель речная,100,20.77,6.61,0.00,116.00
хек,100,18.50,2.30,0.00,95.00
щука,100,21.30,1.30,0.00,97.00
белуга бланшированная,100,23.30,15.60,0.00,234.00
горбуша в томатном соусе,100,14.50,5.10,6.90,132.00
горбуша консервированная,100,20.90,5.80,0.00,136.00
камбала в томатном соусе,100,12.60,5.40,6.30,125.00
камбала обжаренная в масле,100,14.40,21.30,0.00,249.00
кета,100,21.50,4.80,0.00,129.00
килька пряного посола,100,14.80,10.50,0.00,154.00
крабы,100,18.70,1.10,0.10,85.00
креветки,100,17.80,1.10,0.00,81.00
лещ в томатном соусе,100,15.30,7.40,2.60,138.00
нерка красная,100,18.80,10.50,0.00,170.00
осетр,100,16.40,10.60,0.60,163.00
осетр в томатном соусе,100,14.70,12.00,3.40,181.00
печень трески,100,4.20,65.70,1.20,613.00
сазан в томатном соусе,100,12.40,8.70,4.10,145.00
сайра бланшировання в масле,100,18.30,23.30,0.00,283.00
салака в томатном соусе,100,17.00,4.00,3.40,118.00
сардины (ломтики) в масле,100,17.90,19.70,0.00,249.00
севрюга в томатном соусе,100,16.10,11.50,2.80,179.00
скумбрия в масле,100,13.10,25.10,0.00,278.00
скумбрия консервированная,100,16.40,21.40,0.00,258.00
сом в томатном соусе,100,12.90,6.30,4.30,126.00
ставрида в томатном соусе,100,14.80,2.30,7.30,110.00
ставрида обжаренная в масле,100,15.60,27.40,0.00,309.00
судак в томатном соусе,100,14.00,5.30,3.70,119.00
тунец в масле,100,22.00,15.90,0.00,231.00
шпроты,100,17.40,32.40,0.40,363.00
щука в томатном соусе,100,14.20,4.00,3.60,108.00
бутерброд с икрой и сыром буко,100,11.80,15.30,26.30,295.00
бутерброд с кетовой икрой,100,13.10,9.30,35.70,278.60
бутерброд с килькой и яйцом,100,10.90,10.60,23.40,232.00
бутерброд с красной икрой,100,17.50,15.70,21.60,300.00
горбуша соленая,100,22.10,9.00,0.00,169.00
икра белужья зернистая,100,27.20,14.20,0.00,237.00
икра горбуши зернистая,100,31.20,11.70,0.00,230.00
икра кеты зернистая,100,31.60,13.80,0.00,251.00
икра минтаевая пробойная,100,28.40,1.90,0.00,131.00
икра осетровая зернистая,100,28.90,9.70,0.00,203.00
икра осетровая паюсная,100,36.00,10.20,0.00,236.00
икра севрюжья зернистая,100,28.40,11.90,0.00,221.00
карпаччо из лосося,100,11.80,7.30,0.40,119.00
кета соленая,100,24.30,9.60,0.00,184.00
килька балтийская соленая,100,17.10,7.60,0.00,137.00
лосось соленый,100,21.00,20.50,0.00,269.00
сельдь атлантическая соленая,100,17.00,8.50,0.00,145.00
сельдь иваси соленая,100,17.50,11.40,0.00,173.00
сёмга сл.сол.,100,12.90,14.80,1.10,196.00
семга соленая,100,22.50,12.50,0.00,203.00
тартар из лосося,100,16.30,11.70,1.00,179.00
тартар из тунца,100,13.20,4.20,1.10,97.40
треска соленая,100,23.10,0.60,0.00,98.00
тюлька соленая,100,19.80,16.20,0.00,225.00
хамса соленая,100,21.20,9.00,0.00,166.00
балык осетровый,100,20.40,12.50,0.00,194.00
вобла вяленая,100,46.40,5.50,0.00,235.00
вобла холодного копчения,100,31.10,6.30,0.00,181.00
камбала горячего копчения,100,22.00,11.60,0.00,192.00
килька горячего копчения,100,21.30,8.50,0.00,162.00
лещ вяленый,100,42.00,5.90,0.00,221.00
лещ горячего копчения,100,32.80,4.50,0.00,172.00
лещ холодного копчения,100,29.70,4.60,0.00,160.00
окунь морской (балычок),100,26.40,10.40,0.00,199.00
окунь морской горячего копчения,100,23.50,9.00,0.00,175.00
салака горячего копчения,100,25.40,5.60,0.00,152.00
сельдь тихоокеанская жирная холодного копчения,100,20.30,16.00,0.00,225.00
скумбрия холодного копчения,100,23.40,6.40,0.00,150.00
снеток полесский,100,46.30,8.80,0.00,264.00
снеток псковский,100,32.00,3.40,0.00,159.00
ставрида холодного копчения,100,17.10,2.80,0.00,94.00
треска горячего копчения,100,26.00,1.20,0.00,115.00
угорь горячего копчения,100,17.50,2.00,0.00,88.00
угорь холодного копчения,100,14.50,30.50,0.00,332.50
активия йогурт натуральный,100,4.50,3.50,6.30,75.00
активия питьевая натуральная,100,3.00,2.40,4.50,52.00
активия питьевая с фруктами,100,2.60,2.00,12.80,80.00
актимель с фруктами,100,2.65,1.50,11.50,73.00
ацидофилин,100,2.80,3.20,3.80,57.00
галичина йогурт питьевой лесная ягода карпат,100,3.30,2.50,15.10,96.00
запеканка творожная дольче президент (ванильная),100,7.70,9.50,22.20,205.10
запеканка творожная дольче президент с изюмом,100,7.70,9.50,20.20,197.10
йогурт 1.5%-ной жирности,100,5.00,1.50,3.50,51.00
йогурт 1.5%-ной жирности сладкий,100,5.00,1.50,8.50,70.00
йогурт 3.2%-ной жирности,100,5.00,3.20,3.50,66.00
йогурт 3.2%-ной жирности сладкий,100,5.00,3.20,8.50,85.00
кефир 2.5% жирности,100,2.90,2.50,3.90,53.00
кефир жирный,100,2.80,3.20,4.10,56.00
кефир нежирный,100,3.00,0.05,3.80,30.00
"коктейль ""удовольствие"",100,7.30,1.10,4.90,61.00",,,,,
масса творожная особая,100,7.10,23.00,27.50,341.00
молоко 1.5%-ной жирности,100,2.85,1.50,4.78,44.00
молоко 2.5%-ной жирности,100,2.82,2.50,4.73,52.00
молоко 3.2%-ной жирности,100,2.80,3.20,4.70,58.00
молоко 3.5%-ной жирности,100,2.79,3.50,4.69,61.00
молоко 6 %-ной жирности,100,3.00,6.00,4.70,84.00
молоко обезжиренное,100,3.00,0.05,4.70,31.00
молоко соевое,100,3.80,2.00,1.70,40.00
пахта,100,3.30,1.00,4.70,40.00
простокваша,100,2.80,3.20,4.10,58.00
ряженка 6 %-ной жирности,100,5.00,6.00,4.10,84.00
сливки 10 %-ной жирности,100,3.00,10.00,4.00,118.00
сливки 20 %-ной жирности,100,2.80,20.00,3.70,206.00
сливки 35 %-ной жирности,100,2.50,35.00,3.00,337.00
сливки взбитые с ванилью,100,2.80,28.00,21.60,346.00
сметана 10 %-ной жирности,100,3.00,10.00,2.90,115.00
сметана 15-%-ной жирности,100,2.80,15.00,3.00,155.00
сметана 20 %-ной жирности,100,2.80,20.00,3.20,206.00
сметана 25 %-ной жирности,100,2.60,25.00,2.70,248.00
сметана 30 %-ной жирности,100,2.40,30.00,3.10,294.00
сырки глазированные,100,8.50,27.80,32.00,407.00
сырники дольче президент с изюмом (1 шт. -70г),100,9.90,11.90,19.50,224.70
сырники дольче президент ванильные (1 шт.-70г),100,11.20,11.90,17.00,219.90
творог 18% жирности,100,14.00,18.00,2.80,232.00
творог 9% жирности,100,16.70,9.00,2.00,159.00
творог нежирный,100,18.00,0.60,1.80,88.00
творог столовый 2% жирности,100,17.00,2.00,1.50,115.00
альпийский,100,25.00,27.00,0.00,353.00
аппенцеллер,100,24.70,31.70,0.00,403.00
асияго,100,24.00,28.00,0.00,305.00
бель паезе,100,28.20,32.00,0.00,373.00
бри,100,21.00,23.00,0.00,291.00
брынза из коровьего молока,100,17.90,20.10,0.00,260.00
брынза из овечьего молока,100,14.60,25.50,0.00,298.00
буко,100,8.70,16.50,0.00,197.00
буррата (60% жирности),100,18.00,30.00,0.00,330.00
вырусский,100,29.00,15.00,0.00,258.00
голландский брусковый,100,26.00,26.80,0.00,352.00
голландский круглый,100,23.70,30.50,0.00,377.00
горгонзола (40% жирности),100,19.00,26.00,0.00,310.00
грюйер,100,27.00,31.00,0.00,396.00
дор блю,100,21.00,30.00,0.00,354.00
камамбер,100,21.00,23.00,0.00,291.00
карниа дольче монтазио,100,26.00,34.00,0.00,420.00
костромской,100,25.20,26.30,0.00,345.00
костромской плавленый,100,20.50,20.00,0.00,271.00
латвийский,100,23.20,24.30,0.00,319.00
латвийский плавленый,100,20.50,20.00,0.00,271.00
"маасдам,100,""23,5"",26.00,0.00,350.00",,,,,
23,5,26.00,0.00,350.00,маскарпоне,7.50
маскарпоне,100,7.50,47.00,0.00,453.00
моцарелла 30% жирности,100,18.00,24.00,0.00,240.00
моцарелла сухая тёртая,100,27.50,22.00,0.00,336.00
пармезан,100,33.00,28.00,0.00,292.00
пекорино в вине,100,24.00,24.00,0.00,305.00
пекорино в золе,100,23.50,23.50,0.00,300.00
пекорино романо,100,23.50,30.50,0.00,379.00
пекорино с трюфелем,100,30.00,24.00,0.00,315.00
пекорино сардо,100,24.00,30.00,0.00,320.00
плавленый колбасный копченый,100,23.00,19.00,0.00,270.00
пошехонский,100,26.00,26.50,0.00,350.00
прибалтийский,100,30.00,9.00,0.00,209.00
проволоне,100,24.5,31.00,0.00,325.00
рикотта,100,18.00,0.40,0.00,136.00
рокфор,100,20.00,28.00,0.00,337.00
российский,100,23.00,29.00,0.00,360.00
российский плавленый,100,22.00,27.00,0.00,340.00
советский,100,24.70,31.20,0.00,389.00
советский плавленый,100,23.00,22.50,0.00,302.00
сулугуни,100,19.50,22.00,0.00,285.00
фета,100,17.00,24.00,0.00,290.00
фета с оливковым маслом и травами,100,12.60,24.60,3.30,281.80
чеддер,100,23.50,30.50,0.00,379.00
шавру (козий),100,19.00,7.00,1.00,173.00
швейцарский,100,24.90,31.80,0.00,396.00
эмменталь,100,28.20,28.00,0.00,373.00
эстонский,100,26.00,26.40,0.00,350.00
ярославский,100,26.80,27.30,0.00,361.00
какао со сгущенным молоком с сахаром,100,8.20,7.50,54.90,309.00
какао со сгущенными сливками с сахаром,100,8.20,15.50,48.30,356.00
кофе со сгущенным молоком с сахаром,100,8.40,8.60,53.00,312.00
кофе со сгущенными сливками, с сахаром,100,7.00,19.00,46.00,374.00
молоко сгущенное без сахара,100,7.00,8.30,9.50,140.00
молоко сгущенное с сахаром,100,7.20,8.50,56.00,320.00
молоко сгущенное с сахаром нежирное,100,11.00,0.50,58.50,272.00
молоко сухое обезжиренное,100,37.90,1.00,49.30,350.00
молоко сухое цельное,100,26.00,25.00,37.50,476.00
сливки сгущ. с сахаром,100,8.00,19.00,47.00,382.00
масло крестьянское несоленое,100,0.80,72.50,0.00,661.00
масло любительское несоленое,100,0.70,78.00,0.00,709.00
масло сливочное бутербродное,100,2.50,61.50,0.00,566.00
масло сливочное вологодское,100,0.50,82.50,0.00,748.00
масло сливочное несоленое,100,0.50,82.50,0.00,748.00
масло топленое,100,0.30,98.00,0.00,887.00
масло арахисовое рафинированное,100,0.00,99.90,0.00,899.00
масло горчичное,100,0.00,99.80,0.00,898.00
масло конопляное рафинированное,100,0.00,99.85,0.00,899.00
масло кукурузное,100,0.00,99.90,0.00,899.00
масло оливковое,100,0.00,99.80,0.00,898.00
масло оливковое рафинированное,100,0.00,99.80,0.00,898.00
масло подсолнечное,100,0.00,99.90,0.00,899.00
масло подсолнечное рафинированное,100,0.00,99.90,0.00,899.00
масло рапсовое рафинированное,100,0.00,99.85,0.00,899.00
масло соевое рафинированное,100,0.00,99.90,0.00,899.00
масло хлопковое рафинированное,100,0.00,99.90,0.00,899.00
жир бараний топленый,100,0.00,99.70,0.00,897.00
жир говяжий топленый,100,0.00,99.70,0.00,897.00
жир свиной (лярд),100,0.00,99.70,0.00,897.00
жир новинка,100,0.00,99.70,0.00,897.00
жир прима,100,0.00,99.70,0.00,897.00
майонез домашний,100,2.80,87.90,0.30,805.00
майонез провансаль,100,2.40,67.00,3.90,627.00
маргарин молочный,100,0.30,82.00,17.40,743.00
маргарин славянский,100,0.50,82.00,0.00,745.00
маргарин сливочный,100,0.30,82.00,21.00,743.00
маргарин солнечный,100,0.30,72.00,0.00,653.00
маргарин экстра,100,0.50,82.00,22.60,744.00
маргарин эра,100,0.30,82.00,0.00,743.00
сало растительное,100,0.00,99.70,0.00,897.00
 ,816.00,батончики,3.30,30.50,62.50
сало свиное,100,1.80,79.00,0.00,739.00
шпик свиной без шкурки,1.40,90.00,0.00, ,816.00
батончики,100,3.30,30.50,62.50,527.00
глюкоза кристаллическая,100,0.00,0.00,98.80,340.00
драже ореховое,100,11.90,38.30,41.00,552.00
драже сахарное,100,0.00,0.00,98.00,374.00
драже фруктово-ягодное в шоколаде,100,5.70,10.20,73.10,389.00
желатин пищевой,100,87.20,0.40,0.70,355.00
желе фруктовое,100,2.40,0.01,38.10,155.40
зефир,100,0.80,0.00,78.30,304.00
ирис полутвердый,100,3.30,7.50,81.80,395.00
ирис тираженный,100,3.60,7.30,83.50,400.00
карамель леденцовая,100,0.00,0.10,95.70,370.00
карамель с ликерными начинками,100,0.00,0.10,92.60,358.00
карамель с молочными начинками,100,0.80,1.00,91.20,363.00
карамель с ореховыми начинками,100,3.10,7.30,86.60,410.00
карамель с помадными начинками,100,0.00,0.10,94.70,366.00
карамель с прохладительными начинками,100,0.00,10.00,88.00,429.00
карамель с фруктово-ягодными начинками,100,0.10,0.10,92.10,357.00
карамель с шоколадно-ореховыми начинками,100,1.80,9.20,86.10,420.00
карамель-топинг,100,0.50,10.00,90.50,431.00
конфеты молочные,100,2.70,4.30,82.30,364.00
конфеты помадные,100,2.20,4.60,83.60,369.00
конфеты фруктово-помадные,100,0.00,0.00,90.60,346.00
конфеты шоколадные с грильяжной начинкой,100,5.30,26.90,64.40,510.00
конфеты шоколадные с кремовой начинкой,100,7.50,31.80,53.60,523.00
конфеты шоколадные с начинкой между слоями вафель,100,5.80,32.00,57.90,535.00
конфеты шоколадные с помадной начинкой,100,2.90,10.70,76.60,401.00
конфеты шоколадные с пралиновой начинкой,100,4.80,34.70,57.60,552.00
конфеты шоколадные с фруктовой начинкой,100,1.60,8.60,74.30,369.00
конфеты шоколадные с шоколадно-кремовой начинкой,100,4.00,39.50,51.30,569.00
конфеты шоколадные с шоколадно-ореховой начинкой,100,6.40,34.60,54.60,547.00
крахмал картофельный,100,0.10,0.00,79.60,327.00
лукум сбивной,100,0.80,0.70,79.40,316.00
мармелад фруктово-ягодный,100,0.40,0.00,76.00,293.00
мед натуральный,100,0.80,0.00,80.30,314.00
мороженое молочное,100,3.20,3.50,21.30,126.00
мороженое молочное крем-брюле,100,3.50,3.50,23.10,134.00
мороженое молочное шоколадное,100,4.20,3.50,23.00,138.00
мороженое сливочное,100,3.30,10.00,19.80,179.00
мороженое сливочное крем-брюле,100,3.50,10.00,21.60,186.00
мороженое сливочное шоколадное,100,3.50,10.00,21.50,188.00
панна котта классическая,100,2.70,6.70,19.40,146.00
пастила,100,0.50,0.00,80.40,310.00
пломбир,100,3.20,15.00,20.80,227.00
пломбир крем-брюле,100,3.00,15.00,23.00,235.00
пломбир шоколадный,100,3.60,15.00,22.30,236.00
сахар (песок),100,0.00,0.00,99.80,379.00
сахар-рафинад,100,0.00,0.00,99.90,379.00
халва подсолнечная ванильная,100,11.60,29.70,54.00,523.00
халва тахинная,100,12.70,29.90,50.60,516.00
шоколад без добавлений,100,5.40,35.30,52.60,544.00
шоколад в порошке,100,5.20,24.30,64.00,487.00
шоколад молочно-ореховый,100,7.30,34.50,53.10,544.00
шоколад молочно-сливочный,100,7.60,37.20,50.80,560.00
шоколад молочный,100,6.90,35.70,52.40,550.00
шоколад пористый молочный,100,6.90,35.50,52.30,549.00
шоколад с дробленым и целым орехом,100,6.60,40.90,48.00,580.00
эскимо,100,3.50,20.00,19.60,270.00
борщ летний,100,1.10,2.10,6.40,49.00
борщ постный,100,0.70,0.70,4.10,26.00
борщ с капустой и картофелем,100,0.90,2.10,5.20,43.00
борщ сибирский,100,1.90,1.50,6.80,48.00
борщ украинский,100,1.10,2.20,6.70,49.00
бульон говяжий,100,0.60,0.20,0.00,4.00
бульон грибной,100,0.10,0.00,0.03,1.00
бульон куриный,100,0.50,0.10,0.00,3.00
бульон рыбный,100,0.40,0.04,0.00,2.00
минестроне,100,1.00,0.70,3.30,23.00
молочная лапша,100,2.20,1.40,8.40,59.00
окрошка мясная (с квасом),100,2.10,1.70,6.30,52.00
окрошка на кефире,100,3.10,1.90,4.30,47.00
рассольник домашний,100,1.10,1.70,6.40,46.00
рассольник ленинградский,100,1.20,1.80,7.20,50.00
солянка сборная мясная,100,3.60,5.40,1.40,69.70
суп картофельный,100,1.10,1.10,8.50,49.00
суп картофельный с бобовыми,100,2.60,2.20,8.30,54.00
суп картофельный с грибами,100,1.00,1.00,6.70,41.00
суп картофельный с крупой,100,1.30,1.20,9.50,54.00
суп картофельный с макаронными изделиями,100,1.30,1.00,8.40,48.00
суп крестьянский,100,1.00,2.10,4.80,42.00
суп овощной,100,1.10,1.70,4.60,38.00
суп овощной с фасолью,100,1.60,2.10,5.20,46.00
суп рисовый с мясом,100,0.70,1.10,5.20,34.00
суп с бобовыми,100,3.40,2.20,1.40,66.00
суп с макаронными изделиями,100,1.40,2.10,5.90,48.00
суп-пюре грибной,100,2.00,8.20,1.30,87.70
суп-пюре из спаржи,100,5.10,16.10,5.90,196.00
суп-пюре из тыквы,100,1.70,8.10,4.40,99.00
уха,100,3.40,1.00,5.50,46.00
щи из квашеной капусты с картофелем,100,0.60,2.10,2.70,32.00
щи из свежей капусты с картофелем,100,1.00,2.10,3.80,38.00
щи суточные,100,0.60,2.80,1.50,34.00
вода минеральная,100,0.00,0.00,0.00,0.00
вода питьевая,100,0.00,0.00,0.00,0.00
какао напитки (сухие),100,6.00,4.80,81.20,381.00
какао порошок,100,24.20,17.50,27.90,380.00
капуччино,100,1.40,1.60,4.70,39.00
квас хлебный,100,0.20,0.00,5.00,25.00
кока-кола,100,0.00,0.00,10.60,42.00
кока-кола лайт,100,0.00,0.00,0.00,0.20
кофе вареный из молотого, без сахара,100,0.14,0.14,0.03,2.02
кофе жареный в зернах (сухой),100,13.90,14.40,2.80,202.00
кофе латте,100,5.40,5.80,8.20,104.00
кофе растворимый (сухой),100,15.00,3.60,0.00,95.00
кофе растворимый, без сахара,100,0.30,0.07,0.00,1.90
кофе эспрессо,100,1.00,1.10,0.20,15.00
кофейный напиток здоровье (сухой),100,6.00,4.80,71.20,337.00
напиток газированный (лимонад),100,0.00,0.00,7.50,31.00
холодный чай нестли,100,0.00,0.00,6.80,29.00
чай без сахара,100,0.20,0.05,0.04,1.46
чай черный байховый (сухой),100,20.00,5.10,4.00,146.00
бренди 40% алкоголя,100,0.00,0.00,0.50,225.00
вермут 13% алкоголя,100,0.00,0.00,15.90,158.00
вино белое 10% алкоголя,100,0.00,0.00,4.50,66.00
вино белое 12.5% алкоголя,100,0.00,0.00,4.00,78.00
вино белое сладкое 13.5%алкоголя,100,0.00,0.00,5.90,98.00
вино белое сухое 12% алкоголя,100,0.00,0.00,0.20,66.00
вино красное 12% алкоголя,100,0.00,0.00,2.30,76.00
виски 40% алкоголя,100,0.00,0.00,0.00,220.00
водка 40% алкоголя,100,0.00,0.00,0.10,235.00
джин 40% алкоголя,100,0.00,0.00,0.00,220.00
коктейль мохито алкогольный,100,0.18,0.02,5.33,51.70
коньяк 40% алкоголя,100,0.00,0.00,0.10,239.00
ликер 24% алкоголя,100,0.00,0.00,53.00,345.00
мадера 18% алкоголя,100,0.00,0.00,10.00,139.00
пиво 1.8% алкоголя,100,0.20,0.00,4.30,29.00
пиво 2.8% алкоголя,100,0.40,0.00,4.40,34.00
пиво 4.5% алкоголя,100,0.60,0.00,3.80,45.00
портвейн 20% алкоголя,100,0.00,0.00,13.70,167.00
пунш 26% алкоголя,100,0.00,0.00,30.00,260.00
ром 40% алкоголя,100,0.00,0.00,0.00,220.00
шампанское брют белое и красное,100,0.00,0.00,1.40,70.00
шампанское полусладкое белое и красное,100,0.20,0.00,8.00,110.00
шампанское полусухое белое и красное,100,0.20,0.00,5.00,88.00
шампанское сухое белое и красное,100,0.30,0.00,2.50,78.00
